Keven,oCdI-t47VdmXh5TA-H9ubF1Gy9fo
Dale,oCdI-t7jcXac1urCJFfVEPm-rG-o
Elena,oCdI-t0K9TfEQzNlA7cH8dD0wrrw
Sophie,oCdI-t8SuwSuZc9ymp4jFzsaDuu0
Emily,oCdI-t7SK2LrFmTHP-Tult1Ly89Y
Doris,oCdI-t2kt-Pi9CO9Ulz6LEW1XAEI
Winston ,oCdI-t79cGtJd1topkPZhiNdOWaM
Bowen,oCdI-ty5I8eNxSgGzMTshxJGPiFY
MaunaLoa,oCdI-t4WIVNOoqqP-ZuS5nns7PK4
Isabelle,oCdI-twtBGUrFDLJUn1qeVzTsfc0
Jane,oCdI-t6gbrFBttGvVs5l3mx3Apic
Peter,oCdI-twXEJRuC0j79gGHdMUsIfYk
Junyar,oCdI-twChnhRgJZXUjaSayD3ZZtg
Lucia,oCdI-t_V6FZKXQLbguHdlMZlCBqc
Vicky,oCdI-t7eKRMVL_dPj8dL52Woy8bE
Grace,oCdI-t5BdfhD9GmFGRiwvZX2g2TE
Nancy,oCdI-t5amoAZDT30khGdTeL2agoA
Summers,oCdI-t2nuM9aM7WKQVdGmkbvh1Zs
Stan,oCdI-tyyiubME6PkfC4S7gcVktoc
Vance,oCdI-t4i5lvY3cMJy4paYJODIQew
Grace2,oCdI-t5xYKw_dviC0JE8NeieMMWM
Jack,oCdI-tzXosnQOo2Uk7zqm8B7r2ss
Rita,oCdI-t42zFe8quRJ8EbOKagiLcqM
Maggie,oCdI-t8YZ2oglhAJqWKt4doYFrrw
Django,oCdI-tzSSFU2zUKfm1LjNYlJfQL8
Jill,oCdI-tyYBMUSkHyJZESiTg1OQbE0
